power_degree,cluster_coefficient,distance,average_degree,density,modularity,maximum_distance,size
-1.963409861062847,0.0853781512605042,18.11764705882353,2.3058823529411763,0.027450980392156862,0.7794148271553519,37,85
-2.8424972628167766,0.0746031746031746,18.13339070567986,2.238095238095238,0.026965002868617326,0.780669986419194,37,84
-0.6305757307031702,0.3686672247646686,4.389635854341737,4.070588235294117,0.0484593837535014,0.41914196932740816,14,85
-0.7420023592374325,0.18783485253041496,5.394506866416979,3.3555555555555556,0.03770287141073658,0.5424542783211262,17,90
-2.8424972628167766,0.0746031746031746,18.13339070567986,2.238095238095238,0.026965002868617326,0.7802172928927116,37,84
-1.8041454142251476,0.09280045351473924,17.889845094664373,2.3095238095238093,0.027825588066551922,0.7712828143267084,37,84
-3.1427533691616873,0.06269841269841271,14.504016064257028,2.238095238095238,0.026965002868617326,0.7679945676776821,37,84
